accDefRate,accExamCnt,accExamCompCnt,careCnt,clearCnt,createDt,deathCnt,examCnt,resutlNegCnt,seq,stateDt,stateTime,updateDt
,,,,1,2020-01-31 17:47:33.33,0,1,,1,20200101,18:00,2020-02-03 12:21:56.56
,,,,1,2020-01-31 17:47:33.33,0,1,,1,20200201,18:00,2020-01-31 17:47:33.33
,,,,2,2020-02-03 12:22:49.49,2,2,,2,20200202,09:00,2020-02-03 12:22:49.49
,,,,0,2020-02-03 14:41:17.17,0,0,,3,20200203,09:00,2020-02-03 14:41:17.17
,,,,0,2020-02-03 21:26:59.59,0,0,,4,20200204,00:00,2020-02-03 21:26:59.59
,,,,1,2020-02-05 20:05:40.40,0,40,,6,20200205,19:00,2020-02-05 20:05:40.40
,,,,1,2020-02-06 9:09:49.49,0,169,,7,20200206,09:00,2020-02-06 9:09:49.49
,,,,2,2020-02-07 17:20:45.45,0,327,,9,20200207,16:00,2020-02-07 17:20:45.45
,,,,2,2020-02-08 17:01:34.34,0,939,,14,20200208,16:00,2020-02-08 17:01:34.34
,,,,3,2020-02-09 16:59:21.21,0,888,,16,20200209,16:00,2020-02-09 16:59:21.21
,,,,3,2020-02-10 17:03:49.49,0,531,,18,20200210,16:00,2020-02-10 17:03:49.49
,,,,4,2020-02-11 17:09:25.25,0,762,,20,20200211,16:00,2020-02-11 17:09:25.25
,,,,7,2020-02-12 16:56:47.47,0,785,,22,20200212,16:00,2020-02-12 16:56:47.47
,,,,7,2020-02-13 17:09:07.07,0,562,,24,20200213,16:00,2020-02-13 17:09:07.07
,,,,7,2020-02-14 17:16:19.19,0,535,,26,20200214,16:00,2020-02-14 17:16:19.19
,,,,9,2020-02-15 17:00:21.21,0,558,,28,20200215,16:00,2020-02-15 17:00:21.21
,,,,9,2020-02-16 16:57:02.02,0,485,,30,20200216,16:00,2020-02-16 16:57:02.02
,,,,10,2020-02-17 16:50:47.47,0,708,,32,20200217,16:00,2020-02-17 16:50:47.47
,,,,12,2020-02-18 16:42:00.00,0,818,,35,20200218,16:00,2020-02-18 16:42:00.00
,,,,16,2020-02-19 17:00:13.13,0,1149,,37,20200219,16:00,2020-02-19 17:00:13.13
,,,,16,2020-02-20 17:12:33.33,1,1860,,39,20200220,16:00,2020-02-20 17:12:33.33
,,,,17,2020-02-21 17:13:21.21,1,3180,,42,20200221,16:00,2020-02-21 17:13:21.21
,,,,18,2020-02-22 17:00:28.28,2,6037,,44,20200222,16:00,2020-02-22 17:00:28.28
,,,,18,2020-02-23 17:05:12.12,5,8057,,46,20200223,16:00,2020-02-23 17:05:12.12
,,,,22,2020-02-24 17:03:50.50,7,11631,,48,20200224,16:00,2020-02-24 17:03:50.50
,,,,22,2020-02-25 17:02:03.03,10,13880,,50,20200225,16:00,2020-02-25 17:02:03.03
,,,,24,2020-02-26 17:00:43.43,12,20716,,52,20200226,16:00,2020-02-26 17:00:43.43
,,,,26,2020-02-27 17:32:06.06,13,25568,,54,20200227,16:00,2020-02-27 17:32:06.06
,,,,27,2020-02-28 17:01:59.59,13,30237,,56,20200228,16:00,2020-02-28 17:01:59.59
,,,,28,2020-02-29 17:16:20.20,17,35182,,58,20200229,16:00,2020-02-29 17:16:20.20
,,,,30,2020-03-01 17:41:45.45,18,33360,,60,20200301,16:00,2020-03-01 17:41:45.45
5.5573147561,109591,75792,,31,2020-03-02 10:52:38.38,22,33799,71580,61,20200302,00:00,2020-03-02 10:52:38.38
5.3291397182,125851,90296,4159,34,2020-03-03 10:46:53.53,28,35555,85484,62,20200303,00:00,2020-03-03 10:46:53.53
4.9199855946,136707,108293,4750,41,2020-03-04 10:21:44.44,32,28414,102965,63,20200304,00:00,2020-03-04 10:21:44.44
4.6227481540,146541,124731,5255,88,2020-03-05 10:15:12.12,35,21810,118965,64,20200305,00:00,2020-03-05 10:15:12.12
4.3972345844,164740,142908,5643,108,2020-03-06 12:55:44.44,42,21832,136624,65,20200306,00:00,2020-03-06 12:55:44.44
4.2675428362,178189,158569,6134,118,2020-03-07 11:00:45.45,44,19620,151802,66,20200307,00:00,2020-03-07 11:00:45.45
4.2177578602,188518,169142,6605,130,2020-03-08 11:16:27.27,50,19376,162008,67,20200308,00:00,2020-03-08 11:16:27.27
4.1203393614,196618,179160,6954,166,2020-03-09 10:47:15.15,51,17458,171778,68,20200309,00:00,2020-03-09 10:47:15.15
3.9193080566,210144,191692,7165,247,2020-03-10 10:20:27.27,54,18452,184179,69,20200310,00:00,2020-03-10 10:20:27.27
3.8041745358,222395,203855,7212,288,2020-03-11 10:17:19.19,60,18540,196100,70,20200311,00:00,2020-03-11 10:17:19.19
3.6217442732,234998,217271,7407,333,2020-03-12 10:37:03.03,66,17727,209402,71,20200312,00:00,2020-03-12 10:37:03.03
3.4584993086,248647,230707,7470,510,2020-03-13 10:07:22.22,67,17940,222728,72,20200313,00:00,2020-03-13 10:07:22.22
3.3180003364,261335,243701,7402,714,2020-03-14 10:29:11.11,72,17634,235615,73,20200314,00:00,2020-03-14 10:29:11.11
3.2396602365,268212,251940,7300,834,2020-03-15 10:01:22.22,75,16272,243778,74,20200315,00:00,2020-03-15 10:01:22.22
3.1733922083,274504,259533,7253,1137,2020-03-16 10:12:33.33,75,14971,251297,75,20200316,00:00,2020-03-16 10:12:33.33
3.0880579010,286716,269425,7024,1401,2020-03-17 10:29:38.38,81,17291,261105,76,20200317,00:00,2020-03-17 10:29:38.38
3.0121625056,295647,279301,6838,1540,2020-03-18 10:26:15.15,84,16346,270888,77,20200318,00:00,2020-03-18 10:26:15.15
2.9420857378,307024,291120,6789,1947,2020-03-19 10:07:57.57,91,15904,282555,78,20200319,00:00,2020-03-19 10:07:57.57
2.8730918280,316664,301139,6527,2233,2020-03-20 10:15:59.59,94,15525,292487,79,20200320,00:00,2020-03-20 10:15:59.59
2.8219560302,327509,311805,6325,2612,2020-03-21 10:02:58.58,102,15704,303006,80,20200321,00:00,2020-03-21 10:02:58.58
2.8045013239,331780,317240,6085,2909,2020-03-22 10:07:28.28,104,14540,308343,81,20200322,00:00,2020-03-22 10:07:28.28
2.7622623363,338036,324408,5884,3166,2020-03-23 10:27:32.32,111,13628,315447,82,20200323,00:00,2020-03-23 10:27:32.32
2.7126570651,348582,333142,5684,3507,2020-03-24 10:20:57.57,120,15440,324105,84,20200324,00:00,2020-03-24 10:20:57.57
2.6590574416,357896,343618,5410,3730,2020-03-25 10:12:04.04,126,14278,334481,85,20200325,00:00,2020-03-25 10:12:04.04
2.6359702544,364942,350573,5281,4144,2020-03-26 10:40:50.50,131,14369,341332,86,20200326,00:00,2020-03-26 10:40:50.50
2.5797391511,376961,361742,4966,4528,2020-03-27 10:17:01.01,139,15219,352410,87,20200327,00:00,2020-03-27 10:17:01.01
2.5522335409,387925,371361,4665,4811,2020-03-28 10:30:06.06,144,16564,361883,88,20200328,00:00,2020-03-28 10:30:06.06
2.5277423881,394141,379113,4523,5033,2020-03-29 10:10:20.20,152,15028,369530,89,20200329,00:00,2020-03-29 10:10:20.20
2.5312906936,395194,381663,4398,5228,2020-03-30 10:32:34.34,158,13531,372002,90,20200330,00:00,2020-03-30 10:32:34.34
2.4858257635,410564,393672,4275,5408,2020-03-31 11:00:44.44,162,16892,383886,91,20200331,00:00,2020-03-31 11:00:44.44
2.4414636435,421547,404962,4216,5567,2020-04-01 10:13:22.22,165,16585,395075,92,20200401,00:00,2020-04-01 10:13:22.22
2.4104886217,431743,413858,4155,5828,2020-04-02 10:13:00.00,169,17885,403882,94,20200402,00:00,2020-04-02 10:13:00.00
2.3710720723,443273,424365,3979,6021,2020-04-03 10:19:21.21,174,18908,414303,95,20200403,00:00,2020-04-03 10:19:21.21
2.3353139199,455032,434888,3867,6325,2020-04-04 10:32:51.51,177,20144,424732,96,20200404,00:00,2020-04-04 10:32:51.51
2.3178358110,461233,441662,3654,6463,2020-04-05 10:11:59.59,183,19571,431425,97,20200405,00:00,2020-04-05 10:11:59.59
2.2980543408,466804,447509,3591,6598,2020-04-06 10:27:44.44,186,19295,437225,98,20200406,00:00,2020-04-06 10:27:44.44
2.2623255243,477304,456654,3500,6694,2020-04-07 10:12:25.25,192,20650,446323,99,20200407,00:00,2020-04-07 10:12:25.25
2.2181161819,486003,468145,3445,6776,2020-04-08 10:15:42.42,200,17858,457761,100,20200408,00:00,2020-04-08 10:15:42.42
2.1750743945,494711,479202,3408,6973,2020-04-09 10:22:27.27,204,15509,468779,101,20200409,00:00,2020-04-09 10:22:27.27
2.1424778525,503051,487753,3246,7117,2020-04-10 10:15:54.54,208,15298,477303,102,20200410,00:00,2020-04-10 10:15:54.54
2.1111623681,510479,496409,3125,7243,2020-04-11 10:24:11.11,211,14070,485929,103,20200411,00:00,2020-04-11 10:24:11.11
2.0989032272,514621,500833,3026,7368,2020-04-12 10:20:49.49,214,13788,490321,104,20200412,00:00,2020-04-12 10:20:49.49
2.0850812898,518743,505352,2930,7447,2020-04-13 10:14:53.53,217,13391,494815,105,20200413,00:00,2020-04-13 10:14:53.53
2.0601146284,527438,512787,2873,7534,2020-04-14 10:23:15.15,222,14651,502223,106,20200414,00:00,2020-04-14 10:23:15.15
2.0385890215,534552,519526,2808,7616,2020-04-15 11:34:34.34,225,15026,508935,107,20200415,00:00,2020-04-15 11:34:34.34
2.0234239009,538775,524507,2750,7757,2020-04-16 10:55:17.17,229,14268,513894,108,20200416,00:00,2020-04-16 10:55:17.17
1.9980198280,546463,532277,2627,7829,2020-04-17 10:32:02.02,230,14186,521642,109,20200417,00:00,2020-04-17 10:32:02.02
1.9680980779,554834,541284,2576,7937,2020-04-18 10:44:12.12,232,13550,530631,110,20200418,00:00,2020-04-18 10:44:12.12
1.9494720827,559109,546866,2484,8042,2020-04-19 10:27:30.30,234,12243,536205,111,20200419,00:00,2020-04-19 10:27:30.30
1.9370152471,563035,551054,2385,8114,2020-04-20 10:26:59.59,236,11981,540380,112,20200420,00:00,2020-04-20 10:26:59.59
1.9135113641,571014,558293,2324,8213,2020-04-21 10:11:58.58,237,12721,547610,113,20200421,00:00,2020-04-21 10:11:58.58
1.8899402302,577959,565838,2233,8277,2020-04-22 10:20:28.28,238,12121,555144,114,20200422,00:00,2020-04-22 10:20:28.28
1.8650057856,583971,573832,2179,8411,2020-04-23 10:11:05.05,240,10139,563130,115,20200423,00:00,2020-04-23 10:11:05.05
1.8464615809,589520,579920,2051,8501,2020-04-24 10:11:08.08,240,9600,569212,116,20200424,00:00,2020-04-24 10:11:08.08
1.8293161655,595161,585902,1967,8635,2020-04-25 10:58:08.08,240,9259,575184,119,20200425,00:00,2020-04-25 10:58:08.08
1.8205082082,598285,589286,1843,8717,2020-04-26 10:12:24.24,242,8999,578558,120,20200426,00:00,2020-04-26 10:12:24.24
1.8115104636,601660,592765,1769,8764,2020-04-27 10:12:27.27,243,8895,582027,121,20200427,00:00,2020-04-27 10:12:27.27
1.7940601791,608514,599311,1731,8854,2020-04-28 10:22:16.16,244,9203,588559,122,20200428,00:00,2020-04-28 10:22:16.16
1.7760649622,614197,605890,1654,8922,2020-04-29 10:26:00.00,246,8307,595129,123,20200429,00:00,2020-04-29 10:26:00.00
1.7611538379,619881,611247,1593,9059,2020-04-30 10:12:42.42,247,8634,600482,124,20200430,00:00,2020-04-30 10:12:42.42
1.7536263965,623069,614384,1459,9072,2020-05-01 10:24:38.38,248,8685,603610,125,20200501,00:00,2020-05-01 10:24:38.38
1.7413329111,627562,619066,1454,9123,2020-05-02 10:22:19.19,250,8496,608286,126,20200502,00:00,2020-05-02 10:22:19.19
1.7341356234,630973,622385,1407,9183,2020-05-03 10:54:37.37,250,8588,611592,127,20200503,00:00,2020-05-03 10:54:37.37
1.7261024858,633921,625745,1360,9217,2020-05-04 10:11:32.32,252,8176,614944,128,20200504,00:00,2020-05-04 10:11:32.32
1.7111750628,640237,631379,1332,9283,2020-05-05 10:20:41.41,254,8858,620575,129,20200505,00:00,2020-05-05 10:20:41.41
1.7015018438,643095,635086,1267,9333,2020-05-06 10:16:11.11,255,8009,624280,130,20200506,00:00,2020-05-06 10:16:11.11
1.6865353322,649388,640959,1218,9419,2020-05-07 10:43:56.56,256,8429,630149,131,20200507,00:00,2020-05-07 10:43:56.56
1.6752425711,654863,645996,1135,9484,2020-05-08 10:18:50.50,256,8867,635174,132,20200508,00:00,2020-05-08 10:18:50.50
1.6654452377,660030,650877,1082,9568,2020-05-09 10:17:15.15,256,9153,640037,133,20200509,00:00,2020-05-09 10:17:15.15
1.6633066058,663886,653758,1016,9610,2020-05-10 10:14:56.56,256,10128,642884,134,20200510,00:00,2020-05-10 10:14:56.56
1.6589868759,668492,657570,1008,9632,2020-05-11 10:25:58.58,256,10922,646661,135,20200511,00:00,2020-05-11 10:25:58.58
1.6456000963,680890,664560,1021,9670,2020-05-12 10:12:14.14,258,16330,653624,136,20200512,00:00,2020-05-12 10:12:14.14
1.6207800503,695920,676341,1008,9695,2020-05-13 10:41:15.15,259,19579,665379,137,20200513,00:00,2020-05-13 10:41:15.15
1.5911413772,711484,690762,1008,9762,2020-05-14 10:18:25.25,260,20722,679771,138,20200514,00:00,2020-05-14 10:18:25.25
1.5586980386,726747,706872,969,9821,2020-05-15 10:33:34.34,260,19875,695854,139,20200515,00:00,2020-05-15 10:33:34.34
1.5280312113,740645,722302,937,9851,2020-05-16 10:19:44.44,262,18343,711265,140,20200516,00:00,2020-05-16 10:19:44.44
1.5137131451,747653,729993,924,9888,2020-05-17 10:12:11.11,262,17660,718943,141,20200517,00:00,2020-05-17 10:12:11.11
1.5011165105,753211,737118,900,9904,2020-05-18 10:18:09.09,263,16093,726053,142,20200518,00:00,2020-05-18 10:18:09.09
1.4797321575,765574,748649,898,9938,2020-05-19 10:22:38.38,263,16925,737571,143,20200519,00:00,2020-05-19 10:22:38.38
1.4616843972,776433,760082,877,10066,2020-05-20 10:13:17.17,263,16351,748972,144,20200520,00:00,2020-05-20 10:13:17.17
1.4433003069,788684,770595,781,10135,2020-05-21 10:24:07.07,264,18089,759473,145,20200521,00:00,2020-05-21 10:24:07.07
1.4245677200,802418,782132,723,10162,2020-05-22 10:15:38.38,264,20286,770990,146,20200522,00:00,2020-05-22 10:15:38.38
1.4082091086,814420,792851,716,10194,2020-05-23 10:34:54.54,266,21569,781686,147,20200523,00:00,2020-05-23 10:34:54.54
1.3988269354,820289,799956,705,10213,2020-05-24 10:29:10.10,266,20333,788766,148,20200524,00:00,2020-05-24 10:29:10.10
1.3880012088,826437,807348,711,10226,2020-05-25 10:27:08.08,267,19089,796142,149,20200525,00:00,2020-05-25 10:27:08.08
1.3732045885,839475,817431,713,10275,2020-05-26 10:12:49.49,269,22044,806206,150,20200526,00:00,2020-05-26 10:12:49.49
1.3542674753,852876,831815,681,10295,2020-05-27 10:16:33.33,269,21061,820550,151,20200527,00:00,2020-05-27 10:16:33.33
1.3404293533,868666,846296,701,10340,2020-05-28 10:11:28.28,269,22370,834952,152,20200528,00:00,2020-05-28 10:11:28.28
1.3249465756,885120,860563,735,10363,2020-05-29 10:10:53.53,269,24557,849161,153,20200529,00:00,2020-05-29 10:10:53.53
1.3051518190,902901,876603,770,10398,2020-05-30 10:12:27.27,269,26298,865162,154,20200530,00:00,2020-05-30 10:12:27.27
1.2921282483,910822,887528,774,10405,2020-05-31 10:22:38.38,270,23294,876060,155,20200531,00:00,2020-05-31 10:22:38.38
1.2819098372,921391,897333,793,10422,2020-06-01 10:13:10.10,271,24058,885830,156,20200601,00:00,2020-06-01 10:13:10.10
1.2669483571,939851,910929,810,10446,2020-06-02 10:15:46.46,272,28922,899388,157,20200602,00:00,2020-06-02 10:15:46.46
1.2475954991,956852,928987,823,10467,2020-06-03 10:25:46.46,273,27865,917397,158,20200603,00:00,2020-06-03 10:25:46.46
1.2297244567,973858,945659,850,10499,2020-06-04 10:27:46.46,273,28199,934030,159,20200604,00:00,2020-06-04 10:27:46.46
1.2126452669,990960,962194,857,10506,2020-06-05 10:56:51.51,273,28766,950526,160,20200605,00:00,2020-06-05 10:56:51.51
1.1990574522,1005305,977351,889,10531,2020-06-06 10:49:23.23,273,27954,965632,161,20200606,00:00,2020-06-06 10:49:23.23
1.1939717405,1012769,986288,915,10552,2020-06-07 10:20:09.09,273,26481,974512,162,20200607,00:00,2020-06-07 10:20:09.09
1.1886231069,1018213,993839,951,10563,2020-06-08 10:14:01.01,273,24374,982026,163,20200608,00:00,2020-06-08 10:14:01.01
1.1750684407,1035996,1008537,977,10589,2020-06-09 10:08:46.46,274,27459,996686,164,20200609,00:00,2020-06-09 10:08:46.46
1.1602264883,1051971,1025748,988,10611,2020-06-10 10:13:48.48,276,26223,1013847,165,20200610,00:00,2020-06-10 10:13:48.48
1.1471173706,1066887,1041393,1014,10654,2020-06-11 10:30:28.28,276,25494,1029447,166,20200611,00:00,2020-06-11 10:30:28.28
1.1352178592,1081486,1057242,1016,10669,2020-06-12 10:22:23.23,277,24244,1045240,167,20200612,00:00,2020-06-12 10:22:23.23
1.1247480984,1094703,1071351,1056,10691,2020-06-13 10:11:43.43,277,23352,1059301,168,20200613,00:00,2020-06-13 10:11:43.43
1.1199559580,1100327,1078971,1082,10718,2020-06-14 10:19:18.18,277,21356,1066887,169,20200614,00:00,2020-06-14 10:19:18.18
1.1172190545,1105719,1084926,1089,10730,2020-06-15 10:16:22.22,277,20793,1072805,170,20200615,00:00,2020-06-15 10:16:22.22
1.1078855382,1119767,1097135,1114,10760,2020-06-16 10:16:47.47,278,22632,1084980,171,20200616,00:00,2020-06-16 10:16:47.47
1.0975998214,1132823,1111334,1117,10774,2020-06-17 10:14:34.34,279,21489,1099136,172,20200617,00:00,2020-06-17 10:14:34.34
1.0904823674,1145712,1123998,1145,10800,2020-06-18 10:12:45.45,280,21714,1111741,173,20200618,00:00,2020-06-18 10:12:45.45
1.0824428058,1158063,1136873,1177,10835,2020-06-19 10:32:24.24,280,21190,1124567,174,20200619,00:00,2020-06-19 10:32:24.24
1.0764456500,1170901,1149431,1191,10856,2020-06-20 10:14:22.22,280,21470,1137058,175,20200620,00:00,2020-06-20 10:14:22.22
1.0741167355,1176463,1156392,1237,10868,2020-06-21 10:10:23.23,280,20071,1143971,176,20200621,00:00,2020-06-21 10:10:23.23
1.0697854838,1182066,1162663,1273,10881,2020-06-22 11:40:11.11,280,19403,1150225,177,20200622,00:00,2020-06-22 11:40:11.11
1.0636140726,1196012,1173734,1277,10908,2020-06-23 10:41:14.14,281,22278,1161250,178,20200623,00:00,2020-06-23 10:41:14.14
1.0548221402,1208597,1188352,1295,10930,2020-06-24 10:31:43.43,281,20245,1175817,179,20200624,00:00,2020-06-24 10:31:43.43
1.0455417792,1220478,1201578,1324,10974,2020-06-25 10:19:09.09,282,18900,1189015,180,20200625,00:00,2020-06-25 10:19:09.09
1.0384948499,1232315,1213487,1307,11172,2020-06-26 10:13:35.35,282,18828,1200885,181,20200626,00:00,2020-06-26 10:13:35.35
1.0338144673,1243780,1223914,1148,11317,2020-06-27 10:47:05.05,282,19866,1211261,182,20200627,00:00,2020-06-27 10:47:05.05
1.0314839902,1251695,1232690,1054,11364,2020-06-28 10:29:27.27,282,19005,1219975,183,20200628,00:00,2020-06-28 10:29:27.27
1.0275845681,1259954,1241455,1069,11429,2020-06-29 10:29:36.36,282,18499,1228698,184,20200629,00:00,2020-06-29 10:29:36.36
1.0215043465,1273765,1252956,1046,11537,2020-06-30 11:19:14.14,282,20809,1240157,185,20200630,00:00,2020-06-30 11:19:14.14
1.0152444684,1285231,1265705,980,11613,2020-07-01 10:35:06.06,282,19526,1252855,186,20200701,00:00,2020-07-01 10:35:06.06
1.0111426287,1295962,1276180,955,11684,2020-07-02 10:27:03.03,282,19782,1263276,187,20200702,00:00,2020-07-02 10:27:03.03
1.0080073021,1307761,1286201,938,11759,2020-07-03 10:19:08.08,282,21560,1273236,188,20200703,00:00,2020-07-03 10:19:08.08
1.0043169904,1319521,1297200,924,11811,2020-07-04 10:13:42.42,283,22321,1284172,189,20200704,00:00,2020-07-04 10:13:42.42
1.0034452463,1326055,1304406,934,11832,2020-07-05 10:25:26.26,283,21649,1291317,190,20200705,00:00,2020-07-05 10:25:26.26
1.0024387563,1331796,1310504,974,11848,2020-07-06 10:42:20.20,284,21292,1297367,191,20200706,00:00,2020-07-06 10:42:20.20
0.9966586491,1346194,1322519,1005,11914,2020-07-07 10:15:15.15,285,23675,1309338,192,20200707,00:00,2020-07-07 10:15:15.15
0.9914488194,1359734,1335722,982,11970,2020-07-08 10:19:47.47,285,24012,1322479,193,20200708,00:00,2020-07-08 10:19:47.47
0.9862307555,1371771,1347859,988,12019,2020-07-09 10:50:30.30,287,23912,1334566,194,20200709,00:00,2020-07-09 10:50:30.30
0.9797533795,1384890,1361363,987,12065,2020-07-10 10:16:35.35,288,23527,1348025,195,20200710,00:00,2020-07-10 10:16:35.35
0.9732960405,1396941,1373991,985,12144,2020-07-11 10:24:20.20,288,22950,1360618,196,20200711,00:00,2020-07-11 10:24:20.20
0.9720252058,1402144,1380314,941,12178,2020-07-12 10:21:53.53,289,21830,1366897,197,20200712,00:00,2020-07-12 10:21:53.53
0.9721832542,1408312,1386467,950,12204,2020-07-13 10:20:52.52,289,21845,1372988,198,20200713,00:00,2020-07-13 10:20:52.52
0.9676816390,1420616,1396327,986,12282,2020-07-14 10:42:52.52,289,24289,1382815,199,20200714,00:00,2020-07-14 10:42:52.52
0.9624159901,1431316,1408019,941,12348,2020-07-15 10:38:15.15,289,23297,1394468,200,20200715,00:00,2020-07-15 10:38:15.15
0.9599814943,1441348,1417944,914,12396,2020-07-16 10:44:38.38,291,23404,1404332,201,20200716,00:00,2020-07-16 10:44:38.38
0.9574853264,1451017,1427907,925,12460,2020-07-17 10:40:49.49,293,23110,1414235,202,20200717,00:00,2020-07-17 10:40:49.49
0.9539540284,1460204,1437281,919,12519,2020-07-18 10:13:21.21,294,22923,1423570,203,20200718,00:00,2020-07-18 10:13:21.21
0.9523011114,1465299,1443346,898,12556,2020-07-19 10:19:04.04,295,21953,1429601,204,20200719,00:00,2020-07-19 10:19:04.04
0.9504510691,1470193,1448891,894,12572,2020-07-20 10:55:20.20,296,21302,1435120,205,20200720,00:00,2020-07-20 10:55:20.20
0.9472577108,1482390,1458526,903,12643,2020-07-21 11:07:32.32,296,23864,1444710,206,20200721,00:00,2020-07-21 11:07:32.32
0.9439441754,1492071,1470320,877,12698,2020-07-22 10:27:17.17,297,21751,1456441,207,20200722,00:00,2020-07-22 10:27:17.17
0.9421157792,1500854,1479436,884,12758,2020-07-23 10:38:02.02,297,21418,1465498,208,20200723,00:00,2020-07-23 10:38:02.02
0.9383340224,1510327,1489768,883,12817,2020-07-24 11:05:48.48,298,20559,1475789,209,20200724,00:00,2020-07-24 11:05:48.48
0.9401228724,1518634,1498953,864,12866,2020-07-25 10:19:50.50,298,19681,1484861,210,20200725,00:00,2020-07-25 10:19:50.50
0.9410046604,1522926,1503712,928,12890,2020-07-26 10:28:24.24,298,19214,1489562,211,20200726,00:00,2020-07-26 10:28:24.24
0.9398595945,1526974,1508204,962,12905,2020-07-27 10:35:55.55,299,18770,1494029,212,20200727,00:00,2020-07-27 10:35:55.55
0.9360953297,1537704,1517260,971,13007,2020-07-28 10:31:12.12,300,20444,1503057,213,20200728,00:00,2020-07-28 10:31:12.12
0.9326686653,1547307,1527981,896,13069,2020-07-29 10:44:55.55,300,19326,1513730,214,20200729,00:00,2020-07-29 10:44:55.55
0.9282479734,1556215,1537197,882,13132,2020-07-30 11:11:23.23,300,19018,1522928,215,20200730,00:00,2020-07-30 11:11:23.23
0.9256107866,1563796,1545466,837,13183,2020-07-31 10:36:45.45,301,18330,1531161,216,20200731,00:00,2020-07-31 10:36:45.45
0.9227885516,1571830,1553552,821,13233,2020-08-01 10:20:04.04,301,18278,1539216,217,20200801,00:00,2020-08-01 10:20:04.04
0.9217967786,1576246,1558478,802,13259,2020-08-02 12:17:01.01,301,17768,1544112,218,20200802,00:00,2020-08-02 12:17:01.01
0.9209808775,1579757,1562356,806,13280,2020-08-03 10:22:38.38,301,17401,1547967,219,20200803,00:00,2020-08-03 10:22:38.38
0.9180449328,1589780,1571056,808,13352,2020-08-04 10:49:59.59,301,18724,1556633,220,20200804,00:00,2020-08-04 10:49:59.59
0.9151122018,1598187,1579697,770,13406,2020-08-05 10:20:58.58,302,18490,1565241,221,20200805,00:00,2020-08-05 10:20:58.58
0.9127731583,1606487,1588456,748,13501,2020-08-06 10:22:47.47,302,18031,1573957,222,20200806,00:00,2020-08-06 10:22:47.47
0.9093790242,1613652,1596584,696,13543,2020-08-07 10:11:43.43,303,17068,1582065,223,20200807,00:00,2020-08-07 10:11:43.43
0.9076239288,1620514,1604409,673,13629,2020-08-08 10:18:57.57,304,16105,1589847,224,20200808,00:00,2020-08-08 10:18:57.57
0.9079222090,1624650,1607847,629,13642,2020-08-09 10:42:32.32,305,16803,1593249,225,20200809,00:00,2020-08-09 10:42:32.32
0.9073724476,1628303,1611907,651,13658,2020-08-10 10:37:49.49,305,16396,1597281,226,20200810,00:00,2020-08-10 10:37:49.49
0.9047400106,1637844,1620355,663,13729,2020-08-11 10:28:37.37,305,17489,1605695,227,20200811,00:00,2020-08-11 10:28:37.37
0.9030999639,1646652,1629277,626,13786,2020-08-12 10:41:22.22,305,17375,1614563,228,20200812,00:00,2020-08-12 10:41:22.22
0.9022051188,1654898,1637100,623,13817,2020-08-13 10:26:13.13,305,17798,1622330,229,20200813,00:00,2020-08-13 10:26:13.13
0.9041601213,1665084,1644952,648,13863,2020-08-14 10:25:20.20,305,20132,1630079,230,20200814,00:00,2020-08-14 10:25:20.20
0.9094273492,1675296,1653678,705,13901,2020-08-15 9:04:10.10,305,21618,1638639,231,20200815,00:00,2020-08-15 9:04:10.10
0.9228922834,1681787,1659782,833,13910,2020-08-16 10:33:31.31,305,22005,1644464,232,20200816,00:00,2020-08-16 10:33:31.31
0.9315487305,1688470,1665506,1103,13917,2020-08-18 9:12:23.23,305,22964,1649991,233,20200817,00:00,2020-08-18 9:12:23.23
0.9427433406,1697042,1671823,1293,13934,2020-08-18 10:13:01.01,306,25219,1656062,234,20200818,00:00,2020-08-18 10:13:01.01
0.9535391635,1715064,1684042,1521,14006,2020-08-19 10:12:19.19,306,31022,1667984,235,20200819,00:00,2020-08-19 10:12:19.19
0.9620472195,1734083,1699085,1746,14063,2020-08-20 10:13:53.53,307,34998,1682739,236,20200820,00:00,2020-08-20 10:13:53.53
0.9714010668,1754123,1716078,1976,14120,2020-08-21 10:21:10.10,309,38045,1699408,237,20200821,00:00,2020-08-21 10:21:10.10
0.9808621687,1775800,1733373,2241,14169,2020-08-22 10:15:56.56,309,42427,1716371,238,20200822,00:00,2020-08-22 10:15:56.56
0.9978080111,1791186,1743622,2524,14200,2020-08-23 10:21:59.59,309,47564,1726224,239,20200823,00:00,2020-08-23 10:21:59.59
1.0056780042,1804422,1756427,2889,14219,2020-08-24 10:17:44.44,309,47995,1738763,240,20200824,00:00,2020-08-24 10:17:44.44
1.0106591193,1825837,1775475,3136,14286,2020-08-25 10:23:00.00,310,50362,1757531,241,20200825,00:00,2020-08-25 10:23:00.00
1.0165240820,1849506,1796711,3348,14368,2020-08-26 10:20:54.54,312,52795,1778447,242,20200826,00:00,2020-08-26 10:20:54.54
1.0291394182,1869579,1817538,3584,14461,2020-08-27 10:15:47.47,313,52041,1798833,243,20200827,00:00,2020-08-27 10:15:47.47
1.0384288347,1887717,1837006,3931,14551,2020-08-28 9:39:46.46,316,50711,1817930,244,20200828,00:00,2020-08-28 9:39:46.46
1.0456086753,1909329,1855283,4209,14765,2020-08-29 9:56:02.02,321,54046,1835884,245,20200829,00:00,2020-08-29 9:56:02.02
1.0555427246,1924170,1866149,4313,14903,2020-08-30 9:37:35.35,323,58021,1846451,246,20200830,00:00,2020-08-30 9:37:35.35
1.0610629887,1937689,1879813,4472,14973,2020-08-31 9:32:30.30,324,57876,1859867,247,20200831,00:00,2020-08-31 9:32:30.30
1.0608530454,1959080,1902337,4649,15198,2020-09-01 9:32:28.28,324,56743,1882156,248,20200901,00:00,2020-09-01 9:32:28.28
1.0630361514,1980295,1923547,4659,15356,2020-09-02 10:20:18.18,326,56748,1903099,249,20200902,00:00,2020-09-02 10:20:18.18
1.0613214822,2000552,1945028,4766,15529,2020-09-03 9:37:36.36,329,55524,1924385,250,20200903,00:00,2020-09-03 9:37:36.36
1.0597262335,2018906,1966640,4785,15783,2020-09-04 9:46:41.41,331,52266,1945799,251,20200904,00:00,2020-09-04 9:46:41.41
1.0584049717,2037045,1984968,4727,16008,2020-09-05 9:34:12.12,333,52077,1963959,252,20200905,00:00,2020-09-05 9:34:12.12
1.0607549714,2045935,1996314,4668,16145,2020-09-06 9:48:31.31,334,49621,1975138,253,20200906,00:00,2020-09-06 9:48:31.31
1.0625250724,2051297,2004188,4697,16296,2020-09-07 9:34:32.32,336,47109,1982893,254,20200907,00:00,2020-09-07 9:34:32.32
1.0595202075,2066078,2022708,4663,16635,2020-09-08 9:34:17.17,341,43370,2001277,255,20200908,00:00,2020-09-08 9:34:17.17
1.0552373000,2082234,2045701,4455,17022,2020-09-09 10:04:45.45,344,36533,2024114,256,20200909,00:00,2020-09-09 10:04:45.45
1.0520799410,2099591,2066573,4221,17359,2020-09-10 9:43:45.45,346,33018,2044831,257,20200910,00:00,2020-09-10 9:43:45.45
1.0488145208,2119211,2089788,4037,17615,2020-09-11 9:34:22.22,350,29423,2067870,258,20200911,00:00,2020-09-11 9:34:22.22
1.0463881011,2135457,2107631,3953,18028,2020-09-12 10:03:20.20,355,27826,2085577,259,20200912,00:00,2020-09-12 10:03:20.20
1.0481833458,2143270,2115565,3671,18225,2020-09-13 11:05:39.39,358,27705,2093390,260,20200913,00:00,2020-09-13 11:05:39.39
1.0493867275,2151002,2123526,3592,18488,2020-09-14 9:54:40.40,363,27476,2101242,261,20200914,00:00,2020-09-14 9:54:40.40
1.0475990844,2164578,2137268,3433,18877,2020-09-15 9:48:42.42,367,27310,2114878,262,20200915,00:00,2020-09-15 9:48:42.42
1.0451976089,2178832,2152990,3146,19309,2020-09-16 9:37:11.11,367,25842,2130487,263,20200916,00:00,2020-09-16 9:37:11.11
1.0457979748,2191892,2166384,2827,19542,2020-09-17 10:09:17.17,372,25508,2143728,264,20200917,00:00,2020-09-17 10:09:17.17
1.0445849125,2206365,2180962,2742,19770,2020-09-18 9:58:10.10,377,25403,2158180,265,20200918,00:00,2020-09-18 9:58:10.10
1.0431737782,2219162,2194457,2635,19969,2020-09-19 10:09:16.16,378,24705,2171565,266,20200919,00:00,2020-09-19 10:09:16.16
1.0431219740,2226701,2202427,2545,20157,2020-09-20 9:52:54.54,383,24274,2179453,267,20200920,00:00,2020-09-20 9:52:54.54
1.0431619340,2231589,2209053,2434,20247,2020-09-21 10:01:43.43,385,22536,2186009,268,20200921,00:00,2020-09-21 10:01:43.43
1.0398804621,2245112,2221890,2412,20440,2020-09-22 10:08:48.48,388,23222,2198785,269,20200922,00:00,2020-09-22 10:08:48.48
1.0380652234,2256899,2236372,2277,20649,2020-09-23 10:11:00.00,388,20527,2213157,270,20200923,00:00,2020-09-23 10:11:00.00
1.0381560142,2268999,2248217,2178,20831,2020-09-24 10:06:22.22,393,20782,2224877,271,20200924,00:00,2020-09-24 10:06:22.22
1.0374658125,2280276,2260701,2116,20977,2020-09-25 9:56:14.14,395,19575,2237247,272,20200925,00:00,2020-09-25 9:56:14.14
1.0350654558,2290345,2271837,2082,21165,2020-09-26 10:01:53.53,399,18508,2248322,273,20200926,00:00,2020-09-26 10:01:53.53
1.0365997421,2296517,2277639,1951,21247,2020-09-27 10:12:36.36,401,18878,2254029,274,20200927,00:00,2020-09-27 10:12:36.36
1.0364846086,2301303,2282716,1962,21291,2020-09-28 10:25:15.15,406,18587,2259056,275,20200928,00:00,2020-09-28 10:25:15.15
1.0334986489,2313044,2292988,1963,21469,2020-09-29 9:40:17.17,407,20056,2269290,276,20200929,00:00,2020-09-29 9:40:17.17
1.0341803758,2322999,2302403,1822,21590,2020-09-30 9:32:00.00,413,20596,2278592,277,20200930,00:00,2020-09-30 9:32:00.00
1.0348266292,2328435,2308406,1808,21665,2020-10-01 9:38:23.23,415,20029,2284518,278,20201001,00:00,2020-10-01 9:38:23.23
1.0351450568,2333777,2313782,1808,21732,2020-10-02 9:51:41.41,416,19995,2289831,279,20201002,00:00,2020-10-02 9:51:41.41
1.0362412726,2339859,2318572,1803,21786,2020-10-03 9:49:46.46,420,21287,2294546,280,20201003,00:00,2020-10-03 9:49:46.46
1.0364727399,2346345,2324229,1820,21844,2020-10-04 9:35:30.30,421,22116,2300139,281,20201004,00:00,2020-10-04 9:35:30.30
1.0370693381,2352378,2329931,1825,21885,2020-10-05 9:32:34.34,422,22447,2305768,282,20201005,00:00,2020-10-05 9:32:34.34
1.0346199421,2365433,2342696,1856,22082,2020-10-06 9:39:51.51,422,22737,2318458,283,20201006,00:00,2020-10-06 9:39:51.51
1.0336448161,2378073,2355935,1734,22333,2020-10-07 9:42:44.44,425,22138,2331583,284,20201007,00:00,2020-10-07 9:42:44.44
1.0313505916,2388844,2367866,1594,22462,2020-10-08 10:01:48.48,427,20978,2343445,285,20201008,00:00,2020-10-08 10:01:48.48
1.0285627353,2400233,2379534,1532,22568,2020-10-09 9:37:05.05,428,20699,2355059,286,20201009,00:00,2020-10-09 9:37:05.05
1.0289214663,2404684,2385702,1479,22623,2020-10-10 9:39:43.43,430,18982,2361155,287,20201010,00:00,2020-10-10 9:39:43.43
1.0289898711,2410483,2391180,1494,22692,2020-10-11 9:32:37.37,432,19303,2366575,288,20201011,00:00,2020-10-11 9:32:37.37
1.0308301807,2415610,2396418,1481,22728,2020-10-12 9:41:38.38,433,19192,2371715,289,20201012,00:00,2020-10-12 9:41:38.38
1.0298312704,2428771,2408647,1542,22863,2020-10-13 9:40:11.11,434,20124,2383842,290,20201013,00:00,2020-10-13 9:40:11.11
1.0267237903,2441443,2423047,1508,23030,2020-10-14 9:35:05.05,438,18396,2398169,291,20201014,00:00,2020-10-14 9:35:05.05
1.0272656226,2450739,2432477,1410,23082,2020-10-15 9:39:51.51,439,18262,2407489,292,20201015,00:00,2020-10-15 9:39:51.51
1.0251544693,2459426,2442071,1467,23180,2020-10-16 9:34:40.40,441,17355,2417036,293,20201016,00:00,2020-10-16 9:34:40.40
1.0243108604,2468527,2451209,1414,23258,2020-10-17 9:49:12.12,443,17318,2426101,294,20201017,00:00,2020-10-17 9:49:12.12
1.0257055261,2474529,2456748,1407,23312,2020-10-18 9:33:56.56,444,17781,2431549,295,20201018,00:00,2020-10-18 9:33:56.56
1.0264113613,2479226,2462463,1443,23368,2020-10-19 9:42:36.36,444,16763,2437188,296,20201019,00:00,2020-10-19 9:42:36.36
1.0248259256,2491311,2471932,1463,23466,2020-10-20 9:32:53.53,447,19379,2446599,297,20201020,00:00,2020-10-20 9:32:53.53
1.0234315997,2503489,2483996,1420,23584,2020-10-21 9:34:27.27,450,19493,2458574,298,20201021,00:00,2020-10-21 9:34:27.27
1.0235574904,2515325,2495512,1388,23647,2020-10-22 9:41:21.21,453,19813,2469969,299,20201022,00:00,2020-10-22 9:41:21.21
1.0245631213,2528621,2508191,1443,23717,2020-10-23 9:37:38.38,455,20430,2482493,300,20201023,00:00,2020-10-23 9:37:38.38
1.0233084047,2540679,2518791,1526,23834,2020-10-24 10:28:46.46,457,21888,2493016,301,20201024,00:00,2020-10-24 10:28:46.46
1.0234251706,2546146,2524464,1484,23869,2020-10-25 9:35:32.32,457,21682,2498628,302,20201025,00:00,2020-10-25 9:35:32.32
1.0252810486,2552264,2531501,1510,23905,2020-10-26 9:38:41.41,457,20763,2505546,303,20201026,00:00,2020-10-26 9:38:41.41
1.0234678831,2567587,2544584,1593,23981,2020-10-27 9:38:15.15,460,23003,2518541,304,20201027,00:00,2020-10-27 9:38:15.15
1.0213057839,2582960,2560056,1602,24073,2020-10-28 9:35:23.23,461,22904,2533910,305,20201028,00:00,2020-10-28 9:35:23.23
1.0214905339,2597978,2571830,1612,24168,2020-10-29 9:37:57.57,462,26148,2545559,306,20201029,00:00,2020-10-29 9:37:57.57
1.0203189811,2612231,2585858,1641,24227,2020-10-30 9:31:55.55,463,26373,2559474,307,20201030,00:00,2020-10-30 9:31:55.55
1.0201191774,2624492,2598814,1694,24311,2020-10-31 9:35:23.23,464,25678,2572303,308,20201031,00:00,2020-10-31 9:35:23.23
1.0221460500,2630630,2605792,1736,24357,2020-11-01 9:41:40.40,466,24838,2579157,309,20201101,00:00,2020-11-01 9:41:40.40
1.0237728857,2636650,2611126,1812,24395,2020-11-02 9:35:10.10,468,25524,2584394,310,20201102,00:00,2020-11-02 9:35:10.10
1.0215911013,2649859,2624044,1869,24510,2020-11-03 9:30:37.37,472,25815,2597237,311,20201103,00:00,2020-11-03 9:30:37.37
1.0206197486,2662260,2638005,1825,24616,2020-11-04 9:37:25.25,474,24255,2611081,312,20201104,00:00,2020-11-04 9:37:25.25
1.0212399330,2673705,2648643,1839,24735,2020-11-05 09:51:34.898,475,25062,2621594,313,20201105,00:00,2021-04-27 10:21:26.657
1.0220680095,2686313,2660684,1897,24821,2020-11-06 09:24:23.717,476,25629,2633490,314,20201106,00:00,2021-04-27 10:21:41.298
1.0214407844,2697248,2671031,1896,24910,2020-11-07 09:40:32.259,477,26217,2643748,315,20201107,00:00,2021-04-27 10:22:14.706
1.0244166454,2702879,2677231,1980,24968,2020-11-08 09:34:44.609,478,25648,2649805,316,20201108,00:00,2021-04-27 10:22:43.403
1.0267586297,2709198,2683396,2043,25029,2020-11-09 09:36:39.787,480,25802,2655844,317,20201109,00:00,2021-04-27 10:23:00.104
1.0256280914,2723959,2696104,2007,25160,2020-11-10 09:37:02.955,485,27855,2668452,318,20201110,00:00,2021-04-27 10:23:19.579
1.0265362406,2736532,2707844,2044,25266,2020-11-11 09:35:35.369,487,28688,2680047,319,20201111,00:00,2021-04-27 10:23:36.333
1.0270223776,2749770,2720486,2049,25404,2020-11-12 09:39:23.831,487,29284,2692546,320,20201112,00:00,2021-04-27 10:23:55.542
1.0299528794,2761409,2731290,2106,25537,2020-11-13 09:35:49.753,488,30119,2703159,321,20201113,00:00,2021-04-27 10:24:23.651
1.0331820775,2777287,2742595,2208,25636,2020-11-14 09:31:38.207,492,34692,2714259,322,20201114,00:00,2021-04-27 10:24:41.625
1.0377757046,2786876,2750498,2360,25691,2020-11-15 09:40:16.172,493,36378,2721954,323,20201115,00:00,2021-04-27 10:24:58.539
1.0424828240,2797688,2759374,2513,25759,2020-11-16 09:34:22.212,494,38314,2730608,324,20201116,00:00,2021-04-27 10:25:15.916
1.0450699951,2815753,2774551,2642,25860,2020-11-17 09:38:28.585,494,41202,2745555,325,20201117,00:00,2021-04-27 10:25:35.527
1.0488801580,2834332,2791644,2812,25973,2020-11-18 09:34:00.934,496,42688,2762363,326,20201118,00:00,2021-04-27 10:25:56.576
1.0542433597,2853795,2808270,3010,26098,2020-11-19 09:32:40.671,498,45525,2778664,327,20201119,00:00,2021-04-27 10:26:13.038
1.0602296373,2873380,2825237,3190,26263,2020-11-20 09:35:51.078,501,48143,2795283,328,20201120,00:00,2021-04-27 10:26:29.992
1.0663056550,2896683,2845338,3472,26365,2020-11-21 09:35:35.158,503,51345,2814998,329,20201121,00:00,2021-04-27 10:26:57.143
1.0743317040,2908827,2854798,3699,26466,2020-11-22 09:35:12.388,505,54029,2824128,330,20201122,00:00,2021-04-27 10:51:26.4
1.0797325671,2922072,2865617,3893,26539,2020-11-23 09:33:24.973,509,56455,2834676,331,20201123,00:00,2021-04-27 10:51:48.849
1.0832360821,2946336,2888567,4058,26722,2020-11-24 09:33:23.193,510,57769,2857277,332,20201124,00:00,2021-04-27 10:52:54.528
1.0881964085,2966342,2910504,4334,26825,2020-11-25 09:32:47.722,513,55838,2878832,333,20201125,00:00,2021-04-27 10:53:29.69
1.0998011676,2987982,2932621,4788,26950,2020-11-26 09:44:15.678,515,55361,2900368,334,20201126,00:00,2021-04-27 10:54:04.101
1.1110576789,3009499,2952862,5189,27103,2020-11-27 09:39:01.652,516,56637,2920054,335,20201127,00:00,2021-04-20 16:57:15.303
1.1203957020,3031940,2973146,5440,27349,2020-11-28 09:31:45.871,522,58794,2939835,336,20201128,00:00,2021-04-20 16:56:43.564
1.1313708517,3046908,2984079,5696,27542,2020-11-29 09:33:56.021,523,62829,2950318,337,20201129,00:00,2021-04-20 16:56:17.367
1.1408013529,3061170,2997805,6048,27625,2020-11-30 14:29:16.143,526,63365,2963606,338,20201130,00:00,2021-04-20 16:55:54.849
1.1476918806,3083995,3019103,6239,27885,2020-12-01 09:36:29.45,526,64892,2984453,339,20201201,00:00,2021-04-20 16:39:24.094
1.1559220912,3106968,3041814,6570,28065,2020-12-02 09:35:32.913,526,65154,3006653,340,20201202,00:00,2021-04-20 16:39:02.139
1.1643797193,3131884,3066096,6820,28352,2020-12-03 09:49:33.754,529,65788,3030395,341,20201203,00:00,2021-04-20 16:38:46.863
1.1744073653,3157407,3093390,7182,28611,2020-12-04 09:44:32.682,536,64017,3057061,342,20201204,00:00,2021-04-20 16:38:22.828
1.1850800521,3180487,3114220,7449,28917,2020-12-05 10:15:39.581,540,66267,3077314,343,20201205,00:00,2021-04-20 16:38:08.438
1.2003612244,3194858,3127142,7864,29128,2020-12-06 09:48:54.801,545,67716,3089605,344,20201206,00:00,2021-04-20 16:37:48.464
1.2145069789,3209367,3141357,8302,29301,2020-12-07 09:30:10.758,549,68010,3103205,345,20201207,00:00,2021-04-20 16:33:40.675
1.2341536581,3221449,3150175,8676,29650,2020-12-09 11:28:44.404,552,71274,3111297,348,20201208,00:00,2021-04-20 16:22:39.718
1.2400047449,3253213,3178133,8676,30177,2020-12-09 09:44:25.831,556,75080,3138724,347,20201209,00:00,2021-04-20 16:22:58.083
1.2507589291,3277938,3205174,8888,30637,2020-12-10 09:27:13.236,564,72764,3165085,349,20201210,00:00,2021-04-20 16:22:19.281
1.2611036218,3311205,3233517,9049,31157,2020-12-11 09:33:06.394,572,77688,3192739,350,20201211,00:00,2021-04-20 16:21:59.021
1.2787784919,3349856,3263114,9657,31493,2020-12-12 09:19:01.382,578,86742,3221386,351,20201212,00:00,2021-04-20 16:21:45.633
1.3018281859,3374585,3284458,10364,31814,2020-12-13 09:48:21.971,580,90127,3241700,352,20201213,00:00,2021-04-20 16:21:31.52
1.3143542625,3397031,3307784,10787,32102,2020-12-14 09:38:10.035,587,89247,3264308,353,20201214,00:00,2021-04-20 16:21:14.357
1.3249539465,3441212,3347739,11197,32559,2020-12-15 09:34:38.398,600,93473,3303383,354,20201215,00:00,2021-04-20 16:20:56.074
1.3386655242,3488761,3393977,11875,32947,2020-12-16 09:37:53.572,612,94784,3348543,355,20201216,00:00,2021-04-20 16:20:24.018
1.3503986100,3538835,3439577,12204,33610,2020-12-17 09:34:22.89,634,99258,3393129,356,20201217,00:00,2021-04-20 16:19:52.745
1.3656114928,3589792,3479174,12885,33982,2020-12-19 09:39:06.64,645,110618,3431662,358,20201218,00:00,2021-04-20 16:19:30.473
1.3794594434,3646235,3520002,13564,34334,2020-12-19 10:32:55.469,659,126233,3471445,359,20201219,00:00,2021-04-20 16:19:11.693
1.4012272237,3683083,3543608,14258,34722,2020-12-20 09:32:54.292,674,139475,3493954,360,20201220,00:00,2021-04-20 16:17:30.074
1.4177788878,3713849,3567411,14725,35155,2020-12-21 09:35:07.787,698,146438,3516833,361,20201221,00:00,2021-04-20 16:17:03.272
1.4205999137,3772416,3621287,14794,35928,2020-12-22 09:35:08.235,722,151129,3569843,362,20201222,00:00,2021-04-20 16:16:42.465
1.4301009378,3826556,3673447,15069,36726,2020-12-23 09:35:51.755,739,153109,3620913,363,20201223,00:00,2021-04-20 16:16:22.083
1.4341863131,3882196,3731663,15338,37425,2020-12-24 09:37:42.339,756,150533,3678144,364,20201224,00:00,2021-04-20 16:15:55.356
1.4476715089,3939346,3782557,15938,38048,2020-12-25 09:19:59.409,773,156789,3727798,365,20201225,00:00,2021-04-20 16:15:34.566
1.4660091265,3969403,3812391,16565,38532,2020-12-26 09:35:23.058,793,157012,3756501,366,20201226,00:00,2021-04-20 16:15:05.02
1.4809513093,4006400,3839424,17012,39040,2020-12-27 09:32:40.326,808,166976,3782564,367,20201227,00:00,2021-04-20 16:14:27.518
1.4906876613,4038294,3868416,17579,39268,2020-12-28 09:40:11.19,819,169878,3810750,368,20201228,00:00,2021-04-20 16:14:02.198
1.4949567172,4098166,3927204,17148,40703,2020-12-29 09:37:33.024,859,170962,3868494,369,20201229,00:00,2021-04-20 16:13:28.79
1.4985939397,4159509,3987738,17446,41435,2020-12-30 09:35:46.266,879,171771,3927978,370,20201230,00:00,2021-04-20 16:13:02.935
1.5018316920,4213867,4043529,17557,42270,2020-12-31 09:35:07.493,900,170338,3982802,371,20201231,00:00,2021-04-20 16:12:20.079
1.5090011279,4269303,4092376,17884,42953,2021-01-01 09:36:53.691,917,176927,4030622,372,20210101,00:00,2021-04-20 16:11:34.691
1.5175366500,4302780,4123393,18054,43578,2021-01-02 09:34:52.775,942,179387,4060819,373,20210102,00:00,2021-04-20 16:11:00.677
1.5220420604,4340825,4154353,17762,44507,2021-01-03 09:31:48.677,962,186472,4091122,374,20210103,00:00,2021-04-20 16:10:23.954
1.5349522906,4376595,4185863,18030,45240,2021-01-04 09:33:08.918,981,190732,4121612,375,20210104,00:00,2021-04-20 16:05:38.401
1.5301738554,4439347,4245596,17786,46172,2021-01-05 09:35:18.724,1007,193751,4180631,376,20210105,00:00,2021-04-20 15:45:18.126
1.5257707863,4504853,4312771,17781,46995,2021-01-06 09:35:00.362,1027,192082,4246968,377,20210106,00:00,2021-04-20 15:44:50.929
1.5228753362,4569796,4378034,17977,47649,2021-01-07 09:38:10.203,1046,191762,4311362,378,20210107,00:00,2021-04-20 15:44:25.071
1.5169589642,4629992,4439540,17896,48369,2021-01-08 09:37:55.083,1081,190452,4372194,379,20210108,00:00,2021-04-20 15:43:08.95
1.5095873797,4689604,4503681,17563,49324,2021-01-09 09:41:10.876,1100,185923,4435694,380,20210109,00:00,2021-04-20 15:42:29.76
1.5146547101,4723444,4531990,17110,50409,2021-01-10 09:25:25.617,1125,191454,4463346,381,20210110,00:00,2021-04-20 15:41:04.466
1.5146091444,4751666,4561903,15403,52552,2021-01-11 09:40:23.425,1140,189763,4492808,382,20210111,00:00,2021-04-20 15:39:52.844
1.5048093952,4814067,4627297,14898,53569,2021-01-12 09:36:03.299,1165,186770,4557665,383,20210112,00:00,2021-04-20 15:33:29.579
1.4968480954,4872301,4689387,14372,54636,2021-01-13 09:37:24.087,1185,182914,4619194,384,20210113,00:00,2021-04-20 15:31:52.134
1.4870239460,4925348,4755606,13750,55772,2021-01-14 09:35:43.906,1195,169742,4684889,385,20210114,00:00,2021-04-20 15:31:27.298
1.4790873261,4978063,4815740,13476,56536,2021-01-15 09:39:30.22,1217,162323,4744511,386,20210115,00:00,2021-04-20 15:29:31.24
1.4725157998,5032259,4876620,13019,57554,2021-01-16 09:49:04.497,1236,155639,4804811,387,20210116,00:00,2021-04-20 15:25:25.124
1.4755317026,5061279,4901894,12827,58253,2021-01-17 15:27:58.692,1249,159385,4829565,487,20210117,00:00,2021-04-20 15:29:06.35
1.4752573149,5087209,4929174,12731,58723,2021-01-18 09:38:38.427,1264,158035,4856456,390,20210118,00:00,2021-04-20 15:23:48.267
1.4661941407,5140315,4985970,12353,59468,2021-01-19 09:39:49.588,1283,154345,4912866,391,20210119,00:00,2021-04-20 15:23:34.538
1.4573418044,5192119,5043978,12028,60180,2021-01-20 09:38:16.549,1300,148141,4970470,392,20210120,00:00,2021-04-20 15:23:25.562
1.4501637193,5237598,5096528,11746,60846,2021-01-21 09:39:24.111,1316,141070,5022620,393,20210121,00:00,2021-04-20 15:23:10.249
1.4420817372,5282216,5149084,11511,61415,2021-01-22 09:36:14.355,1328,133132,5074830,394,20210122,00:00,2021-04-20 15:22:54.173
1.4381663566,5329700,5193071,11304,62044,2021-01-23 09:40:55.809,1337,136629,5118386,395,20210123,00:00,2021-04-20 15:22:39.689
1.4386488883,5354342,5218577,11198,62530,2021-01-24 09:31:28.637,1349,135765,5143500,396,20210124,00:00,2021-04-20 15:22:11.021
1.4406862118,5376079,5241530,11198,62956,2021-01-25 09:38:09.015,1360,134549,5166016,397,20210125,00:00,2021-04-20 15:21:00.814
1.4356743589,5422761,5284137,9699,64793,2021-01-26 09:41:15.083,1371,138624,5208274,398,20210126,00:00,2021-04-20 15:20:41.089
1.4335899608,5469240,5330813,9566,65478,2021-01-27 09:45:38.773,1378,138427,5254391,399,20210127,00:00,2021-04-20 15:20:05.793
1.4289886337,5522182,5382758,9517,66016,2021-01-28 09:38:09.595,1386,139424,5305839,400,20210128,00:00,2021-04-20 15:18:38.789
1.4261115443,5569257,5426504,9486,66503,2021-01-29 09:37:53.565,1399,142753,5349116,401,20210129,00:00,2021-04-20 15:14:02.565
1.4229182253,5616524,5470729,9309,67121,2021-01-30 09:30:22.952,1414,145795,5392885,402,20210130,00:00,2021-04-20 15:13:24.688
1.4240439767,5640813,5491263,8900,67878,2021-01-31 09:32:09.004,1420,149550,5413065,403,20210131,00:00,2021-04-20 15:13:00.048
1.4241214458,5661837,5512381,8769,68309,2021-02-01 10:15:01.974,1425,149456,5433878,404,20210201,00:00,2021-04-20 15:10:54.481
1.4186966216,5711408,5557143,8629,68775,2021-02-02 09:36:54.134,1435,154265,5478304,405,20210202,00:00,2021-04-20 15:10:31.272
1.4116763322,5756709,5617860,8566,69299,2021-02-03 09:31:25.637,1441,138849,5538554,407,20210203,00:00,2021-04-20 15:10:07.359
1.4035419297,5803090,5682552,8605,69704,2021-02-04 09:37:28.112,1448,120538,5602795,408,20210204,00:00,2021-04-20 15:09:41.835
1.3960095942,5847174,5739717,8551,70117,2021-02-05 09:33:36.664,1459,107457,5659590,409,20210205,00:00,2021-04-20 15:09:07.568
1.3892615330,5893346,5795669,8548,70505,2021-02-06 09:32:30.765,1464,97677,5715152,410,20210206,00:00,2021-04-20 15:08:52.281
1.3883453685,5916967,5826216,8552,70865,2021-02-07 09:36:08.21,1471,90751,5745328,411,20210207,00:00,2021-04-20 15:08:37.504
1.3868309487,5938188,5853345,8484,71218,2021-02-08 09:33:37.055,1474,84843,5772169,412,20210208,00:00,2021-04-20 15:08:09.97
1.3798848659,5987398,5904768,8321,71676,2021-02-09 09:31:54.66,1482,82630,5823289,413,20210209,00:00,2021-04-20 15:07:54.649
1.3768710272,6030016,5949940,8211,72226,2021-02-10 09:33:33.861,1486,80076,5868017,414,20210210,00:00,2021-04-20 15:07:26.082
1.3764474473,6070001,5988387,8293,72638,2021-02-11 09:31:14.234,1496,81614,5905960,415,20210211,00:00,2021-04-20 15:07:13.616
1.3776297085,6093362,6012501,8387,72936,2021-02-12 09:31:24.356,1507,80861,5929671,416,20210212,00:00,2021-04-20 15:06:55.687
1.3761937602,6115330,6045079,8451,73227,2021-02-13 10:09:06.162,1514,70251,5961887,417,20210213,00:00,2021-04-20 15:06:34.597
1.3777576226,6140079,6061879,8437,73559,2021-02-14 09:31:30.401,1522,78200,5978361,418,20210214,00:00,2021-04-20 15:06:15.982
1.3786791602,6162852,6082706,8540,73794,2021-02-15 09:32:45.168,1527,80146,5998845,419,20210215,00:00,2021-04-20 15:05:50.141
1.3740213206,6213483,6136586,8233,74551,2021-02-16 09:31:34.953,1534,76897,6052268,420,20210216,00:00,2021-04-20 15:05:32.332
1.3726073220,6260560,6188150,8041,75360,2021-02-17 09:36:02.951,1538,72410,6103211,421,20210217,00:00,2021-04-20 15:04:59.421
1.3728067142,6303207,6232487,8120,75896,2021-02-18 09:31:33.593,1544,70720,6146927,422,20210218,00:00,2021-04-20 15:04:44.372
1.3724748676,6345985,6274869,8058,76513,2021-02-19 09:33:30.84,1550,71116,6188748,423,20210219,00:00,2021-04-20 15:04:31.604
1.3709741787,6390625,6314488,7934,77083,2021-02-20 09:40:36.883,1553,76137,6227918,425,20210220,00:00,2021-04-20 15:04:09.208
1.3724410801,6411333,6337977,7912,77516,2021-02-21 09:34:28.285,1557,73356,6250992,426,20210221,00:00,2021-04-20 15:03:53.739
1.3736267193,6429137,6356676,7868,77887,2021-02-22 09:30:56.472,1562,72461,6269359,427,20210222,00:00,2021-04-20 15:03:38.219
1.3701890693,6472671,6398606,7706,78394,2021-02-23 09:31:45.903,1573,74065,6310933,428,20210223,00:00,2021-04-20 15:03:16.321
1.3690661254,6510981,6435993,7487,79050,2021-02-24 09:33:42.127,1576,74988,6347880,429,20210224,00:00,2021-04-20 15:02:56.51
1.3653302859,6551206,6482534,7440,79487,2021-02-25 09:31:53.266,1581,68672,6394026,430,20210225,00:00,2021-04-20 15:02:37.668
1.3631902593,6590042,6521100,7430,79880,2021-02-26 09:32:51.735,1585,68942,6432205,431,20210226,00:00,2021-04-20 15:02:19.005
1.3618028555,6627207,6558218,7382,80333,2021-02-27 09:37:27.179,1595,68989,6468908,433,20210227,00:00,2021-04-20 14:59:32.479
1.3634966705,6648996,6576107,7365,80697,2021-02-28 10:24:54.713,1603,72889,6486442,434,20210228,00:00,2021-04-20 14:59:08.938
1.3655942458,6665747,6592002,7345,81070,2021-03-01 09:48:21.402,1605,73745,6501982,435,20210301,00:00,2021-04-20 14:58:56.038
1.3673828261,6681969,6608537,7420,81338,2021-03-02 09:32:41.95,1606,73432,6518173,436,20210302,00:00,2021-04-20 14:57:59.417
1.3654662799,6716196,6650329,7496,81700,2021-03-03 09:33:02.813,1612,65867,6559521,437,20210303,00:00,2021-04-20 14:57:38.163
1.3633393924,6751893,6691804,7451,82162,2021-03-04 09:33:23.999,1619,60089,6600572,438,20210304,00:00,2021-04-20 14:57:22.272
1.3624677096,6789004,6725297,7443,82560,2021-03-05 09:41:54.92,1627,63707,6633667,439,20210305,00:00,2021-04-20 14:57:05.073
1.3623087379,6821936,6756765,7503,82913,2021-03-06 09:40:17.621,1632,65171,6664717,440,20210306,00:00,2021-04-20 14:56:41.076
1.3644352882,6843119,6776723,7610,83220,2021-03-07 09:52:34.246,1634,66396,6684259,441,20210307,00:00,2021-04-20 14:51:55.518
1.3659762557,6861802,6794408,7694,83474,2021-03-08 09:31:46.646,1642,67394,6701598,442,20210308,00:00,2021-04-20 14:51:41.422
1.3648931953,6902977,6832476,7711,83900,2021-03-09 09:52:46.909,1645,70501,6739220,443,20210309,00:00,2021-04-20 14:51:28.616
1.3645577504,6938877,6868599,7766,84312,2021-03-10 09:45:29.181,1648,70278,6774873,444,20210310,00:00,2021-04-20 14:50:56.417
1.3633620071,6976978,6908730,7864,84675,2021-03-11 09:39:02.159,1652,68248,6814539,445,20210311,00:00,2021-04-20 14:48:58.191
1.3634807664,7012657,6943919,7274,85743,2021-03-12 09:49:58.077,1662,68738,6849240,446,20210312,00:00,2021-04-20 14:48:36.524
1.3636674313,7046775,6978901,6877,86625,2021-03-13 09:36:41.886,1667,67874,6883732,447,20210313,00:00,2021-04-20 14:48:06.227
1.3667877215,7066394,6996551,6551,87408,2021-03-14 09:42:57.64,1669,69843,6900923,448,20210314,00:00,2021-04-20 14:47:44.94
1.3689198014,7084930,7013340,6578,87754,2021-03-15 09:51:09.37,1675,71590,6917333,449,20210315,00:00,2021-04-20 14:47:28.958
1.3673337899,7126067,7048023,6437,88255,2021-03-16 09:36:13.502,1678,78044,6951653,450,20210316,00:00,2021-04-20 14:46:59.298
1.3662313887,7171500,7088038,6339,88814,2021-03-17 09:31:37.789,1686,83462,6991199,451,20210317,00:00,2021-04-20 14:46:39.82
1.3647468455,7218077,7128355,6418,89178,2021-03-18 09:38:40.962,1688,89722,7031071,452,20210318,00:00,2021-04-20 14:46:21.32
1.3620256974,7264931,7176590,6534,89523,2021-03-19 09:32:03.884,1690,88341,7078843,453,20210319,00:00,2021-04-20 14:45:53.021
1.3607972486,7308935,7215917,6552,89949,2021-03-20 09:31:53.146,1693,93018,7117723,454,20210320,00:00,2021-04-20 14:45:35.163
1.3636254938,7332699,7234391,6626,90328,2021-03-21 09:53:34.815,1696,98308,7135741,455,20210321,00:00,2021-04-20 14:45:11.413
1.3658821352,7355954,7252822,6757,90611,2021-03-22 10:04:58.004,1697,103132,7153757,456,20210322,00:00,2021-04-20 14:44:34.623
1.3616438070,7400980,7300808,6628,91079,2021-03-23 09:32:10.986,1704,100172,7201397,457,20210323,00:00,2021-04-20 14:44:18.502
1.3589311485,7441203,7346877,6572,91560,2021-03-24 09:35:12.391,1707,94326,7247038,458,20210324,00:00,2021-04-20 14:43:58.157
1.3551936113,7485852,7398869,6492,92068,2021-03-25 09:34:48.91,1709,86983,7298600,459,20210325,00:00,2021-04-20 14:43:42.787
1.3520966636,7529391,7451982,6412,92630,2021-03-26 09:33:28.3,1716,77409,7351224,460,20210326,00:00,2021-04-20 14:43:22.594
1.3506447984,7572556,7497382,6067,93475,2021-03-27 09:53:35.032,1721,75174,7396119,461,20210327,00:00,2021-04-20 14:42:54.126
1.3535357754,7595584,7516979,6168,93855,2021-03-28 11:17:23.373,1722,78605,7415234,462,20210328,00:00,2021-04-20 14:42:38.562
1.3549404905,7616317,7537379,6277,94124,2021-03-29 09:41:57.983,1726,78938,7435252,463,20210329,00:00,2021-04-20 14:42:25.82
1.3522258784,7663991,7585567,6282,94563,2021-03-30 09:39:54.626,1729,78424,7482993,465,20210330,00:00,2021-04-20 14:42:04.778
1.3498348063,7707792,7636490,6319,95030,2021-03-31 09:32:59.933,1731,71302,7533410,466,20210331,00:00,2021-04-20 14:41:41.712
1.3496016740,7747295,7678636,6457,95439,2021-04-01 09:32:19.52,1735,68659,7575005,467,20210401,00:00,2021-04-20 14:41:23.051
1.3500160284,7788290,7717538,6590,95861,2021-04-02 09:54:00.108,1737,70752,7613350,468,20210402,00:00,2021-04-20 14:40:42.759
1.3506169731,7829596,7754308,6795,96196,2021-04-03 09:34:03.806,1740,75288,7649577,469,20210403,00:00,2021-04-20 14:40:25.997
1.3549222354,7849470,7769671,6940,96589,2021-04-04 09:45:05.147,1744,79799,7664398,470,20210404,00:00,2021-04-20 14:40:12.582
1.3577642823,7868815,7788318,7099,96900,2021-04-05 09:44:27.235,1748,80497,7682571,471,20210405,00:00,2021-04-20 14:39:30.302
1.3545301282,7921284,7842129,7109,97363,2021-04-06 09:31:57.498,1752,79155,7735905,472,20210406,00:00,2021-04-20 14:39:01.36
1.3545174256,7966161,7891519,7208,97928,2021-04-07 09:37:24.979,1756,74642,7784627,473,20210407,00:00,2021-04-20 14:38:33.513
1.3560157697,8012415,7934421,7474,98360,2021-04-08 09:30:58.826,1758,77994,7826829,474,20210408,00:00,2021-04-20 14:38:13.56
1.3571562435,8059107,7977195,7713,98786,2021-04-09 09:33:53.3,1764,81912,7868932,475,20210409,00:00,2021-04-20 14:37:51.855
1.3589283551,8106625,8016611,7874,99301,2021-04-10 09:36:31.907,1765,90014,7907671,476,20210410,00:00,2021-04-20 14:37:10.346
1.3630157591,8129527,8037618,7677,100109,2021-04-11 09:36:07.611,1768,91909,7928064,477,20210411,00:00,2021-04-20 14:36:51.706
1.3669325463,8152778,8057530,7567,100804,2021-04-12 09:36:52.596,1770,95248,7947389,478,20210412,00:00,2021-04-20 14:36:31.34
1.3639427573,8200514,8114930,7576,101332,2021-04-13 09:36:30.661,1775,85584,8004247,479,20210413,00:00,2021-04-20 14:36:13.585
1.3635702742,8245383,8170756,7649,101983,2021-04-14 09:33:58.653,1782,74627,8059342,480,20210414,00:00,2021-04-20 14:35:54.244
1.3637436290,8291121,8220900,7811,102513,2021-04-15 09:38:50.34,1788,70221,8108788,481,20210415,00:00,2021-04-20 14:35:43.42
1.3650312837,8333331,8262448,7933,103062,2021-04-16 09:32:10.738,1790,70883,8149663,482,20210416,00:00,2021-04-20 14:35:13.573
1.3656743037,8377778,8306739,8055,103594,2021-04-17 09:40:16.606,1794,71039,8193296,483,20210417,00:00,2021-04-18 09:35:59.415
1.3709239987,8396066,8323875,8311,104006,2021-04-18 09:30:44.979,1797,72191,8209761,484,20210418,00:00,2021-04-19 09:39:27.906
1.3739837378,8414821,8344058,8371,104474,2021-04-19 09:39:21.483,1801,70763,8229412,485,20210419,00:00,null
1.3726760312,8458592,8392002,8166,105227,2021-04-20 09:34:02.801,1802,66590,8276807,486,20210420,00:00,null
1.3750976675,8497594,8430383,8243,105877,2021-04-21 09:36:56.675,1806,67211,8314457,488,20210421,00:00,null
1.3772840512,8537505,8470366,8394,106459,2021-04-22 09:31:58.246,1808,67139,8353705,489,20210422,00:00,null
1.3796528397,8583530,8513591,8576,107071,2021-04-23 09:51:40.55,1811,69939,8396133,490,20210423,00:00,null
1.3822066912,8632923,8554654,8650,107781,2021-04-24 09:38:23.778,1812,78269,8436411,491,20210424,00:00,null
1.3860766953,8654791,8577231,8599,108475,2021-04-25 09:52:51.000,1813,77560,8458344,492,20210425,00:00,null
1.3890340008,8672978,8594894,8719,108850,2021-04-26 09:42:14.75,1817,78084,8475508,493,20210426,00:00,2021-04-27 09:37:24.371
1.3868895227,8721609,8645101,8383,109695,2021-04-27 09:34:47.417,1820,76508,8525203,494,20210427,00:00,null
1.3886694305,8766491,8689325,8597,110248,2021-04-28 09:33:01.863,1821,77166,8568659,495,20210428,00:00,2021-04-30 09:39:12.945
1.3907242112,8805774,8725382,8734,110787,2021-04-29 09:32:46.339,1825,80392,8604036,496,20210429,00:00,2021-04-30 09:39:29.337
1.3918554433,8848292,8765781,8757,111422,2021-04-30 09:33:44.165,1828,82511,8643774,497,20210430,00:00,null
1.3938570903,8883388,8798176,8466,112337,2021-05-01 09:17:27.172,1831,85212,8675542,498,20210501,00:00,null
1.3986066364,8898234,8811627,8542,112865,2021-05-02 09:23:20.57,1833,86607,8688387,499,20210502,00:00,null
1.4018098628,8915326,8826304,8538,113356,2021-05-03 09:31:59.949,1834,89022,8702576,500,20210503,00:00,null
1.3995739863,8957155,8879059,8301,114128,2021-05-04 09:46:01.635,1840,78096,8754790,501,20210504,00:00,null
1.4015026684,8994069,8915074,8154,114944,2021-05-05 09:37:42.237,1847,78995,8790129,502,20210505,00:00,null
1.4049684926,9010992,8933937,8177,115491,2021-05-06 09:34:55.519,1851,77055,8808418,503,20210506,00:00,null
1.4047878518,9051354,8972458,8162,116022,2021-05-07 09:38:57.839,1860,78896,8846414,504,20210507,00:00,null
1.4065731673,9089166,9010907,7999,116881,2021-05-08 09:37:54.141,1865,78259,8884162,505,20210508,00:00,null
1.4107056010,9105771,9024491,8012,117423,2021-05-09 09:38:01.137,1874,81280,8897182,506,20210509,00:00,null
1.4136164637,9122059,9038661,8053,117844,2021-05-10 09:36:30.35,1875,83398,8910889,507,20210510,00:00,null
1.4128508833,9164284,9079656,7686,118717,2021-05-11 09:39:41.186,1879,84628,8951374,508,20210511,00:00,2021-05-27 09:53:30.741
1.4139993813,9201539,9117260,7661,119373,2021-05-12 09:38:47.792,1884,84279,8988342,509,20210512,00:00,null
1.4161913364,9241153,9153636,7836,119906,2021-05-13 09:41:10.7,1891,87517,9024003,510,20210513,00:00,null
1.4193209445,9281291,9186083,8092,120395,2021-05-14 09:44:47.494,1893,95208,9055703,511,20210514,00:00,null
1.4215047097,9319094,9219878,7883,121282,2021-05-15 09:38:53.579,1896,99216,9088817,512,20210515,00:00,null
1.4257899148,9336614,9234951,8007,121764,2021-05-16 09:26:31.589,1900,101663,9103280,513,20210516,00:00,null
1.4299308998,9353300,9251496,8224,122163,2021-05-17 09:39:34.169,1903,101804,9119206,514,20210517,00:00,null
1.4294430308,9395004,9291591,8283,122631,2021-05-18 09:41:35.393,1904,103413,9158773,515,20210518,00:00,null
1.4314548779,9428644,9324150,8322,123237,2021-05-19 09:39:48.186,1912,104494,9190679,516,20210519,00:00,null
1.4361751397,9447358,9338485,8542,123659,2021-05-20 09:35:45.542,1916,108873,9204368,517,20210520,00:00,2021-05-21 09:47:58.875
1.4368773847,9487108,9372964,8598,124158,2021-05-21 09:36:32.023,1922,114144,9238286,518,20210521,00:00,null
1.4393079615,9520966,9403408,8386,125032,2021-05-22 09:37:01.885,1926,117558,9268064,519,20210522,00:00,null
1.4438928819,9536299,9414064,8117,125881,2021-05-23 09:37:54.099,1931,122235,9278135,520,20210523,00:00,null
1.4466269101,9553613,9432909,8098,126427,2021-05-24 09:42:11.785,1934,120704,9296450,521,20210524,00:00,2021-05-26 17:11:27.494
1.4455504748,9592727,9475629,8044,126993,2021-05-25 09:33:39.762,1938,117098,9338654,522,20210525,00:00,2021-05-26 17:26:57.787
1.4479226274,9629450,9508381,8160,127574,2021-05-26 09:46:42.628,1940,121069,9370707,523,20210526,00:00,2021-05-27 09:40:52.468
1.4493399059,9665693,9543034,8188,128180,2021-05-27 09:39:43.099,1943,122659,9404723,524,20210527,00:00,null
1.4499377008,9702456,9579584,8193,128759,2021-05-28 09:34:29.553,1946,122872,9440686,525,20210528,00:00,2021-05-29 09:47:35.466
1.4509249463,9733591,9609801,7741,129739,2021-05-29 09:45:26.765,1951,123790,9470370,526,20210529,00:00,null
1.4541964496,9747614,9621121,7572,130381,2021-05-30 09:24:39.384,1957,126493,9481211,527,20210530,00:00,null
1.4568360166,9761158,9633205,7558,130823,2021-05-31 09:34:29.254,1959,127953,9492865,528,20210531,00:00,null
1.4559203539,9798402,9670790,7373,131463,2021-06-01 09:39:17.218,1963,127612,9529991,529,20210601,00:00,null
1.4576990021,9834350,9705433,7443,132068,2021-06-02 09:34:39.577,1965,128917,9563957,530,20210602,00:00,null
1.4591426309,9872324,9742502,7490,132699,2021-06-03 09:34:41.776,1968,129822,9600345,531,20210603,00:00,null
1.4610308586,9911324,9777480,7594,133289,2021-06-04 09:35:01.747,1969,133844,9634628,532,20210604,00:00,null
1.4639522306,9945954,9808790,7862,133763,2021-06-05 09:35:32.811,1971,137164,9665194,533,20210605,00:00,null
1.4674599968,9959697,9823232,7917,134262,2021-06-06 09:43:04.144,1973,136465,9679080,534,20210606,00:00,null
1.4705202062,9972297,9835771,7802,134861,2021-06-07 09:34:49.979,1974,136526,9691134,535,20210607,00:00,null
1.4701109691,10008583,9869323,7703,135412,2021-06-08 09:37:18.147,1975,139260,9724233,536,20210608,00:00,2021-06-09 16:41:53.988
1.4696532224,10044783,9913359,7541,136174,2021-06-09 09:41:30.049,1977,131424,9767667,537,20210609,00:00,null
1.4708941354,10076862,9946535,7611,136713,2021-06-10 09:35:53.948,1979,130327,9800232,538,20210610,00:00,null
1.4719099107,10111062,9977309,7652,137224,2021-06-11 09:37:57.985,1981,133753,9830452,539,20210611,00:00,2021-06-12 14:51:25.402
1.4715219644,10140535,10018335,7403,138037,2021-06-12 09:40:24.954,1982,122200,9870913,540,20210612,00:00,null
1.4745537419,10152907,10028390,7308,138581,2021-06-13 09:36:35.692,1985,124517,9880516,541,20210613,00:00,null
1.4765178464,10165497,10042073,7263,139022,2021-06-14 09:35:03.394,1988,123424,9893800,542,20210614,00:00,null
1.4757160493,10196469,10072805,6921,139733,2021-06-15 09:34:07.292,1992,123664,9924159,543,20210615,00:00,2021-06-16 09:46:35.159
1.4755870559,10229384,10110620,6760,140438,2021-06-16 09:52:02.014,1993,118764,9961429,544,20210616,00:00,null
1.4771444668,10257836,10136517,6708,141029,2021-06-17 09:37:38.734,1994,121319,9986786,545,20210617,00:00,null
1.4775263809,10294048,10168211,6426,141816,2021-06-18 09:42:02.1,1996,125837,10017973,546,20210618,00:00,null
1.4784539758,10323154,10194433,6338,142385,2021-06-19 09:54:16.488,1997,128721,10043713,547,20210619,00:00,null
1.4811890199,10335634,10204572,6248,142899,2021-06-20 09:39:22.589,2002,131062,10053423,548,20210620,00:00,null
1.4827923622,10346047,10217614,6234,143268,2021-06-21 09:40:21.025,2004,128433,10066108,549,20210621,00:00,null
1.4815298868,10380042,10252915,6077,143817,2021-06-22 09:37:35.096,2006,127127,10101015,550,20210622,00:00,2021-06-23 10:15:06.465
1.4838779715,10409949,10280158,6159,144379,2021-06-23 09:38:51.681,2007,129791,10127613,551,20210623,00:00,null
1.4843749318,10438782,10317811,6359,144788,2021-06-24 09:34:00.179,2008,120971,10164656,552,20210624,00:00,null
1.4866946297,10466545,10344357,6391,145389,2021-06-25 09:38:45.327,2009,122188,10190568,553,20210625,00:00,null
1.4878898766,10495516,10380943,6456,145989,2021-06-26 09:46:37.249,2012,114573,10226486,554,20210626,00:00,null
1.4921718017,10508678,10392302,6718,146340,2021-06-27 09:32:43.7,2013,116376,10237231,555,20210627,00:00,null
1.4950097471,10520929,10406086,6882,146675,2021-06-28 09:37:00.101,2015,114843,10250514,556,20210628,00:00,null
1.4960125523,10555741,10438883,7073,147077,2021-06-29 09:55:20.921,2017,116858,10282716,557,20210629,00:00,null
1.4998716669,10579072,10464962,7250,147693,2021-06-30 09:38:19.271,2018,114110,10308001,558,20210630,00:00,null
1.5036335283,10614316,10489391,7677,148024,2021-07-01 09:42:01.927,2021,124925,10331669,559,20210701,00:00,2021-07-03 09:46:43.839
1.5084099075,10641602,10510936,8205,148319,2021-07-02 09:40:45.284,2024,130666,10352388,560,20210702,00:00,2021-07-03 09:47:37.632
1.5122560101,10670617,10536708,8185,149132,2021-07-03 09:44:37.172,2025,133909,10377366,561,20210703,00:00,null
1.5175524712,10685125,10548828,8444,149614,2021-07-04 09:33:38.815,2026,136297,10388744,562,20210704,00:00,null
1.5219245826,10700134,10565241,8723,150044,2021-07-05 09:53:08.163,2028,134893,10404446,563,20210705,00:00,null
1.5248323652,10735716,10594017,8749,150760,2021-07-06 09:42:40.275,2032,141699,10432476,564,20210706,00:00,null
1.5319725965,10766502,10623754,9220,151500,2021-07-07 09:41:09.863,2033,142748,10461001,565,20210707,00:00,null
1.5399341921,10802782,10651624,10071,151923,2021-07-08 09:37:10.439,2034,151158,10487596,566,20210708,00:00,null
1.5476215324,10844217,10683749,10810,152498,2021-07-09 09:37:58.273,2036,160468,10518405,567,20210709,00:00,null
1.5564155112,10881640,10711921,11531,153153,2021-07-10 10:01:51.164,2038,169719,10545199,568,20210710,00:00,null
1.5666848402,10902278,10726216,12243,153760,2021-07-11 09:32:25.474,2043,176062,10558170,569,20210711,00:00,null
1.5741500854,10919898,10745227,12915,154187,2021-07-12 09:43:17.529,2044,174671,10576081,570,20210712,00:00,null
1.5789831387,10964299,10785169,13498,154752,2021-07-13 09:45:01.789,2046,179130,10614873,571,20210713,00:00,null
1.5878057669,11008859,10826954,14372,155491,2021-07-14 09:47:11.336,2048,181905,10655043,572,20210714,00:00,null
1.5982992594,11060456,10855977,14952,156509,2021-07-15 09:46:10.26,2050,204479,10682466,573,20210715,00:00,null
1.6073434271,11108584,10890392,15882,157113,2021-07-16 09:41:57.584,2051,218192,10715346,574,20210716,00:00,null
1.6160650601,11149226,10921590,16485,157960,2021-07-17 10:19:46.901,2055,227636,10745090,575,20210717,00:00,null
1.6265280434,11175981,10940543,16941,158953,2021-07-18 09:33:01.419,2057,235438,10762592,576,20210718,00:00,null
1.6348035828,11202434,10961745,17515,159630,2021-07-19 09:38:09.418,2058,240689,10782542,577,20210719,00:00,null
1.6396458500,11251987,11007316,18075,160347,2021-07-20 09:37:01.254,2059,244671,10826835,578,20210720,00:00,null
